chr,snp,bp,nmiss,beta,se,r2,t,p
A01,rs81530763,12731517,19865,0.002391123,0.159254507,8.08E-05,-1.486685793,0.792993408
A02,rs47096914,21710373,19745,4.27E-05,0.05456609,2.05E-05,1.158854086,0.762440169
A03,rs67555238,20750512,19926,0.01037545,0.232319593,1.06E-05,-1.033675839,0.897766629
A04,rs48732162,14120115,19955,0.049908875,0.043915545,4.30E-05,0.292103746,0.37751639
A05,rs83886878,16038149,19934,0.001023135,0.120565492,3.71E-05,0.916924357,0.118520099
A06,rs15978573,2204021,20025,0.025627634,0.067535763,6.21E-05,0.424894037,0.13463062
A07,rs37069397,13936051,19773,0.033794247,0.09814867,9.65E-05,1.417248523,0.575816262
A08,rs83132897,16467692,19903,0.021630562,0.117816957,3.47E-05,1.922200869,0.272107386
A09,rs85322059,631499,19863,0.000159819,0.079023092,0.000158631,2.370104933,0.160276772
A10,rs16969337,15062940,19927,0.002815784,0.274680805,3.81E-05,-0.969928358,0.949723407
